<application>
  <component name="AndroidLogcatFilterHistory">
    <option name="favorites">
      <list>
        <option value="level:error " />
        <option value="package:mine level:error " />
        <option value="package:mine level:error tag:MTAG " />
      </list>
    </option>
    <option name="mostRecentlyUsed" value="level:error " />
    <option name="nonFavorites">
      <list>
        <option value="package:com.app.prayertime" />
        <option value="level:" />
        <option value="l" />
        <option value="level:debug " />
        <option value="e" />
        <option value="level:debug  " />
        <option value="level:d " />
        <option value="package:mine " />
        <option value="package:mine l" />
        <option value="package:e" />
        <option value="package:" />
        <option value="package:error" />
        <option value="level:error" />
        <option value="level:error Tost" />
        <option value="level:error T" />
        <option value="level:error t" />
        <option value="level:error l" />
        <option value="is:debug TouchDebug" />
        <option value="is:debug " />
        <option value="d" />
      </list>
    </option>
  </component>
</application>