<application>
  <component name="ProjectManager">
    <defaultProject>
      <component name="PropertiesComponent"><![CDATA[{
  "keyToString": {
    "settings.editor.selected.configurable": "AndroidSdkUpdater"
  }
}]]></component>
      <component name="WindowStateProjectService">
        <state x="201" y="13" key="SettingsEditor" timestamp="1738039894596">
          <screen x="0" y="0" width="1396" height="825" />
        </state>
        <state x="201" y="13" key="SettingsEditor/0.0.1396.825" timestamp="1738039894596" />
      </component>
    </defaultProject>
  </component>
</application>