<keymap version="1" name="Windows copy" parent="$default">
  <action id="$Cut">
    <keyboard-shortcut first-keystroke="ctrl x" />
  </action>
  <action id="Back">
    <keyboard-shortcut first-keystroke="ctrl alt left" />
    <mouse-shortcut keystroke="button4" />
    <keyboard-shortcut first-keystroke="escape" />
  </action>
  <action id="EditorCut">
    <keyboard-shortcut first-keystroke="ctrl x" />
  </action>
  <action id="EditorDeleteLine">
    <keyboard-shortcut first-keystroke="ctrl y" />
    <keyboard-shortcut first-keystroke="shift delete" />
  </action>
  <action id="EditorUnindentSelection" />
  <action id="GotoRelated">
    <keyboard-shortcut first-keystroke="ctrl alt home" />
    <keyboard-shortcut first-keystroke="alt x" />
  </action>
  <action id="NextTab">
    <keyboard-shortcut first-keystroke="alt right" />
    <keyboard-shortcut first-keystroke="ctrl tab" />
  </action>
  <action id="PrevParameter" />
  <action id="PreviousTab">
    <keyboard-shortcut first-keystroke="alt left" />
    <keyboard-shortcut first-keystroke="shift tab" />
  </action>
  <action id="PreviousTemplateVariable" />
  <action id="ReformatCode">
    <keyboard-shortcut first-keystroke="ctrl alt l" />
    <keyboard-shortcut first-keystroke="shift ctrl g" />
  </action>
  <action id="RenameElement">
    <keyboard-shortcut first-keystroke="shift f6" />
    <keyboard-shortcut first-keystroke="alt r" />
  </action>
  <action id="SearchEverywhere.PrevTab" />
  <action id="SplitChooser.PreviousWindow" />
  <action id="Switcher">
    <keyboard-shortcut first-keystroke="alt w" />
  </action>
  <action id="UpdateRunningApplication" />
  <action id="UsageView.Remove">
    <keyboard-shortcut first-keystroke="ctrl x" />
  </action>
  <action id="android.deploy.ApplyChanges">
    <keyboard-shortcut first-keystroke="ctrl f10" />
  </action>
  <action id="android.deploy.CodeSwap">
    <keyboard-shortcut first-keystroke="ctrl alt f10" />
  </action>
</keymap>