<application>
  <component name="FileTypeManager" version="19">
    <extensionMap>
      <mapping pattern="dua" type="AUTO_DETECTED" />
      <mapping ext="db" type="Android Room SQL" />
      <mapping pattern="CalenderActivity" type="Kotlin" />
      <mapping ext="db-journal" type="PLAIN_TEXT" />
      <mapping ext="plist" type="PLAIN_TEXT" />
      <removed_mapping ext="apk" approved="true" type="ARCHIVE" />
      <removed_mapping ext="db" approved="true" type="Sqlite Database File" />
      <removed_mapping ext="psd" approved="true" type="Image" />
    </extensionMap>
  </component>
</application>