<application>
  <component name="GoogleLoginApplicationSettings">
    <option name="activeUser" value="codewithankit056@gmail.com" />
    <option name="userEmail2FeaturesStore">
      <map>
        <entry key="codewithankit056@gmail.com">
          <value>
            <set>
              <option value="User Info" />
              <option value="Gemini" />
            </set>
          </value>
        </entry>
        <entry key="elvee.mayur@gmail.com">
          <value>
            <set>
              <option value="Gemini" />
              <option value="User Info" />
            </set>
          </value>
        </entry>
        <entry key="theankitparmar@gmail.com">
          <value>
            <set>
              <option value="User Info" />
              <option value="Gemini" />
            </set>
          </value>
        </entry>
      </map>
    </option>
  </component>
</application>