<application>
  <component name="StudioBotSettings">
    <option name="contextSharingMode" value="AlwaysShare" />
    <option name="onboardedVersion" value="3" />
    <option name="queryHistory">
      <list>
        <historyEntry timestamp="1748720771435">Explain build error: Plugin [id: 'com.android.application', version: '8.5.0', apply: false] was not found in any of the following sources:</historyEntry>
        <historyEntry timestamp="1746118773751">What does the error message &quot;&lt;interface, parcelable, enum or union&gt;, AidlTokenTypes.IMPORT_KEYWORD or AidlTokenTypes.PACKAGE_KEYWORD expected, got 'com'&quot; mean?</historyEntry>
        <historyEntry timestamp="1742147099377">What does the error message &quot;Unescaped &amp; or nonterminated character/entity reference&quot; mean?</historyEntry>
        <historyEntry timestamp="1742102662022">show list</historyEntry>
        <historyEntry timestamp="1742102647032">hi</historyEntry>
        <historyEntry timestamp="1742101985227">What is the latest version of WorkManager?</historyEntry>
      </list>
    </option>
  </component>
</application>